p0_x;p0_y;p1_x;p1_y;a;b;z0;z1;z2;z3;Plausibility
0.80826111315203;0.919389096982493;0.80826111315203;0.0166093516240871;0.105139340322995;0.629367251242216;13;93;18;3;1
0.944424217540968;0.767319087762069;0.944424217540968;0.678274266737641;0;0;38;55;94;33;0
0.903281649529599;0.4343440497454;0.903281649529599;0.112093323428227;0;0;6;37;67;7;0
0.00419545453237158;0.716014241667471;0.00419545453237158;0.45674810766091;0;0;46;4;65;28;1
0.280218775514615;0.9126937957074;0.280218775514615;0.58678579124938;0;0;38;29;59;4;1
0.239377829357692;0.526860093477583;0.125517194217777;0.526860093477583;0.478800695146807;0.387648179841995;38;39;13;28;0
0.95442859453821;0.979120499910377;0.95442859453821;0.475095474382441;0.825326789089165;0;10;41;53;45;0
0.396537922041741;0.154125274230784;0.173149798146053;0.154125274230784;0;0.332771551484601;5;60;37;27;1
0.760329550951873;0.476636412309779;0.760329550951873;0.331230913443133;0.636511426249757;0.559672537520375;27;26;26;21;0
0.764580827096748;0.95826520116919;0.764580827096748;0.211311557428591;0.301765305130633;0;29;7;18;27;1
0.843230531477942;0.130322171435841;0.971391919986993;0.130322171435841;0;0;22;29;52;10;1
0.137821800605311;0.218790948958504;0.137821800605311;0.34219929591855;0;0.537976177194145;32;86;26;32;1
0.467869380241199;0.389544447134037;0.467869380241199;0.552536123223852;0;0;45;1;29;18;1
0.42027960411286;0.633405880831837;0.00257400702804979;0.633405880831837;0.618269064285918;0;26;82;96;45;1
0.800619191862931;0.820443400563879;0.800619191862931;0.31247373591758;0;0;2;41;31;14;1
0.877571231628569;0.662452791194642;0.877571231628569;0.803357764986976;0;0;20;38;51;45;1
0.869446058231148;0.798511344845645;0.869446058231148;0.3396252888905;0.134256882189893;0;36;34;44;33;1
0.742455494004514;0.588925255271106;0.394441196412985;0.588925255271106;0;0;9;96;87;2;0
0.723630016075275;0.755834649203268;0.723630016075275;0.777991520603183;0.814911299298942;0;32;40;58;19;0
0.208166071310717;0.950997342332731;0.208166071310717;0.0470417952384063;0;0.571186499936127;6;68;96;41;1
0.813489082648181;0.919997297190128;0.992922217581851;0.919997297190128;0.602401376516745;0;17;18;54;1;1
0.881606399957839;0.0748813287703699;0.881606399957839;0.999504073057093;0.356265361586709;0;44;69;3;4;1
0.922632813417647;0.380759183960389;0.922632813417647;0.208192665692509;0.791536322697781;0;31;83;19;4;0
0.701107167033994;0.942345566555087;0.420123918643279;0.942345566555087;0.405994730724951;0;30;6;39;42;1
0.675041171570793;0.069390942374892;0.675041171570793;0.537444503762501;0.62043664726449;0;1;78;27;39;0
0.13989653770807;0.997364483772481;0.13989653770807;0.965472714493737;0;0.244118474071901;44;55;71;41;0
0.729105091527619;0.373774161736376;0.567251724920818;0.373774161736376;0.571196058565376;0.698801082884335;32;8;97;34;0
0.128467377800712;0.705718012389596;0.128467377800712;0.0101579381200289;0;0.831062869555812;20;80;41;40;1
0.769292450868195;0.802449028847017;0.422759434870798;0.802449028847017;0.440522016231214;0;18;17;84;6;1
0.233600594677776;0.340285850847273;0.233600594677776;0.970192778841682;0;0.643725079784042;16;12;19;41;1
0.310877944953217;0.868897105971769;0.906445021231866;0.868897105971769;0.384050772704208;0;3;14;90;20;1
0.37508122686999;0.604481710868181;0.37508122686999;0.156620719543016;0.398289789165505;0.258279066653121;40;71;79;42;0
0.161953440477119;0.472117417711819;0.161953440477119;0.185897372283925;0;0.790006376705135;38;47;28;31;1
0.530778692816747;0.4915710838938;0.530778692816747;0.266461248168005;0;0.459455357147127;18;11;69;11;1
0.611518644546866;0.965204623977283;0.611518644546866;0.205390082767881;0;0;3;31;47;1;1
0.612745255051528;0.70694366549465;0.434327603520047;0.70694366549465;0.198153400420283;0;13;37;43;6;1
0.848290560230748;0.0737030180514339;0.848290560230748;0.602758390643987;0.1318285409975;0;17;33;68;7;1
0.611328410735041;0.860598773164953;0.0685624368808057;0.860598773164953;0;0;26;40;96;7;1
0.145513067089726;0.878825828842272;0.846918663404378;0.878825828842272;0.291449471512553;0;33;84;32;39;1
0.618224429720186;0.116914063746535;0.146075836916489;0.116914063746535;0;0.113606749621037;33;95;14;17;1
0.135889542352357;0.0956152547596094;0.573728830355093;0.0956152547596094;0;0.627618657717304;18;84;3;8;0
0.351884855121321;0.928189950961708;0.351884855121321;0.755839727239609;0.299694896349541;0;4;65;83;41;0
0.193102636464454;0.242374343444768;0.193102636464454;0.820042680399512;0;0.623893220733801;20;74;1;0;1
0.917061152829351;0.742936286489915;0.751303408644769;0.742936286489915;0.802359166463073;0;2;47;47;37;1
0.775456940185026;0.765029208625215;0.217885885954781;0.765029208625215;0.525837655424065;0;27;86;48;25;1
0.445433608929363;0.902512618295156;0.331354486910326;0.902512618295156;0.411992202704769;0;37;43;28;7;1
0.203254102823908;0.0111287981323566;0.203254102823908;0.00453631859483957;0;0.315368215234656;3;61;35;18;0
0.937595316645501;0.466917403259742;0.937595316645501;0.602156794444731;0.60859779948769;0;29;19;14;25;0
0.522596069854962;0.297502677560552;0.522596069854962;0.92705032738254;0.264917234547863;0.617274870917795;28;73;3;23;0
0.9378467793287;0.561775105801306;0.206757087822425;0.561775105801306;0.521301336829225;0;11;80;87;7;1
0.510163655276486;0.964917301649655;0.864437083650584;0.964917301649655;0.809835408260038;0;32;84;9;0;1
0.563875117601769;0.488532728277395;0.353966819287262;0.488532728277395;0;0;22;4;62;16;0
0.833925770983997;0.529070623931042;0.62484405870775;0.529070623931042;0.722314609085356;0.576754228480511;41;96;34;32;0
0.488322905026527;0.787339022284066;0.883873488699958;0.787339022284066;0;0;34;9;19;18;1
0.619625510936429;0.997899988199538;0.71822435954503;0.997899988199538;0.365555808583999;0;8;35;82;26;0
0.0406378042142083;0.130991530665658;0.0406378042142083;0.725978708698404;0;0.150355762406418;3;1;12;33;1
0.0747307353069683;0.000209823250868275;0.0747307353069683;0.271872039545268;0;0.136356513545083;31;35;52;6;0
0.736306666273767;0.909445112994614;0.626944070508212;0.909445112994614;0.189998237970284;0;8;79;99;41;0
0.778509888229198;0.746701218069858;0.778509888229198;0.727246784012414;0.188115758443305;0;27;3;17;12;1
0.948953663906527;0.923169252892569;0.718014536294162;0.923169252892569;0;0;2;71;46;0;0
0.945022006493538;0.394684864391892;0.945022006493538;0.0990346381901925;0.737260354560455;0;42;85;33;33;0
0.115622232721943;0.221699935021671;0.115622232721943;0.518990081510968;0;0;12;81;49;47;1
0.299604316381553;0.960491449088087;0.299604316381553;0.959160810783115;0;0;27;74;27;18;0
0.198431421629354;0.80167921157632;0.198431421629354;0.301325437287486;0;0.65574340645957;29;17;32;45;1
0.10351690794505;0.807547020170627;0.10351690794505;0.145761995178536;0;0.282375778668735;4;46;64;25;0
0.100294161634657;0.0950805480103384;0.100294161634657;0.39525982057455;0;0.736047860577725;36;29;58;19;1
0.162537312210788;0.0232685133923164;0.018247367357019;0.0232685133923164;0;0.859159634848665;29;23;31;31;1
0.532173853149719;0.856974541143037;0.532173853149719;0.462846209510624;0;0.542820963330018;13;65;81;35;0
0.569932880145466;0.701385049941663;0.26311654563207;0.701385049941663;0.693821299678563;0;42;43;3;16;1
0.618792600752224;0.645009707959839;0.473046087880175;0.645009707959839;0.413900699659204;0;11;87;41;9;0
0.173899219452357;0.56290669486062;0.608455356493804;0.56290669486062;0.315253334266717;0.657500191897852;9;1;92;29;0
0.721772314851066;0.45333563324685;0.721772314851066;0.897676442236489;0.187158749991636;0;35;39;87;29;0
0.156133859956699;0.238181940390813;0.156133859956699;0.989800121630449;0;0.128920263670813;0;42;93;14;0
0.565377428459645;0.527485830489307;0.70020985077145;0.527485830489307;0.194789276549029;0.562390528415512;9;24;2;20;1
0.846672097615279;0.923237393108773;0.846672097615279;0.810652310406162;0.516224257422715;0;3;16;2;15;1
0.581760795126558;0.40677283490392;0.370273416102991;0.40677283490392;0.325453212636268;0.706467151039498;3;99;50;32;0
0.475252853462125;0.887958204787205;0.789376486926049;0.887958204787205;0;0;7;20;63;28;1
0.360644766297492;0.391509842775534;0.327980696376404;0.391509842775534;0;0.612696006248098;47;35;77;13;0
0.14834834362769;0.945725035362749;0.14834834362769;0.857166767053849;0;0.236937315779243;24;17;2;44;0
0.374440585437436;0.447984539646648;0.13175224984612;0.447984539646648;0.318757665957677;0;4;1;81;33;0
0.394533539374607;0.0461280686064288;0.394533539374607;0.919833237267953;0.355363545639144;0.566086420587304;22;5;15;43;1
0.543369096491192;0.739609861159516;0.8436514515633;0.739609861159516;0;0;45;72;45;26;1
0.210930648823702;0.0170692573380979;0.879996156729756;0.0170692573380979;0;0.293938340290421;41;25;76;22;1
0.296727116357874;0.551191495988142;0.247308947261101;0.551191495988142;0;0;45;72;97;36;0
0.179804777344598;0.904615443155456;0.392142388686604;0.904615443155456;0.414728090360168;0;3;9;9;11;1
0.103015143472243;0.835197419782727;0.961694315989359;0.835197419782727;0.517026128488139;0;7;21;90;5;1
0.290632015229497;0.442882744801642;0.290632015229497;0.656720628336408;0;0;1;80;73;28;1
0.93494489506583;0.8372644799935;0.93494489506583;0.446195028464401;0;0;41;17;66;18;1
0.985093041316184;0.448176352515899;0.412111527478374;0.448176352515899;0;0.36454764165196;23;56;75;41;1
0.443420799189909;0.613983427925959;0.949259643884962;0.613983427925959;0.758007462023761;0;3;6;29;24;1
0.548896679444656;0.900252524716897;0.548896679444656;0.0644563669638971;0;0.505500978559955;13;39;72;22;0
0.260249894699198;0.457789703485458;0.84428360305926;0.457789703485458;0.307439728317521;0;33;33;16;40;1
0.772426395571058;0.393843680803591;0.772426395571058;0.496935384579438;0;0;1;9;59;3;1
0.239285546466375;0.899279673071243;0.239285546466375;0.792279041741173;0;0.293716541628221;48;28;36;5;0
0.0678892270978024;0.353733533226761;0.0678892270978024;0.0408808132823933;0;0.478304038047001;3;39;95;16;0
0.826061998878635;0.127826129145839;0.826061998878635;0.703059081315556;0.5738957154443;0;7;35;63;42;0
0.721400850788411;0.218504157019083;0.945003929988017;0.218504157019083;0.515160686576348;0;18;37;87;22;0
0.0608930518202917;0.325954453705789;0.0608930518202917;0.00546544417993419;0;0.607804426740764;27;2;19;5;1
0.303410694610053;0.0732176741926082;0.384032873615638;0.0732176741926082;0;0.719820826183921;25;12;0;23;0
0.762836545595357;0.63233268243835;0.762836545595357;0.095876883294376;0.780648263069172;0;49;2;57;22;0
0.205460847451101;0.0669330773255476;0.404631701486479;0.0669330773255476;0;0.433749554415117;27;79;60;32;0
0.510443687676659;0.915093462409029;0.871786255795409;0.915093462409029;0.453467800027443;0;32;86;74;22;0
0.203209054285292;0.563117908110431;0.37533106998323;0.563117908110431;0;0;29;4;17;27;0
0.816740057345824;0.867756826741508;0.816740057345824;0.657061185062426;0.524394247925093;0;3;57;20;43;0
0.576978119358876;0.121888994761691;0.357872320971392;0.121888994761691;0;0.50967555144321;5;36;71;35;0
0.0564135895373363;0.863724023040256;0.841513793376048;0.863724023040256;0.835930610464854;0;36;20;55;23;1
0.751339005190571;0.0983534050632051;0.751339005190571;0.031617428190828;0.796406614965017;0;25;78;16;12;0
0.999699802137772;0.986139788751556;0.253442075221539;0.986139788751556;0.695467794637879;0;4;92;80;41;1
0.776353355392978;0.811343237204171;0.453375773249835;0.811343237204171;0.204329989014347;0;28;85;0;15;1
0.935682143520416;0.37054998957112;0.935682143520416;0.220061198445065;0.400313610397425;0;38;86;92;26;0
0.77704251780037;0.864024220902484;0.77704251780037;0.066622183689206;0.461303270636733;0;16;11;62;33;0
0.69727309406608;0.322000049670227;0.69727309406608;0.578241654940993;0;0;9;21;31;12;1
0.273983364586711;0.0504576452311397;0.273983364586711;0.115108423919933;0.475406596192814;0;18;15;94;45;0
0.978085136962163;0.0343007194038018;0.978085136962163;0.960173387061885;0.137707805325141;0;37;52;88;34;0
0.127718453820664;0.673276895505039;0.93751886623796;0.673276895505039;0.822071955456432;0;31;67;70;11;1
0.810981089626896;0.590040856315773;0.810981089626896;0.183730098038786;0.3461948467168;0;16;74;47;36;1
0.218622768399596;0.922739191410476;0.20961519014538;0.922739191410476;0.448031589597478;0;32;51;26;9;0
0.420614807596716;0.223319629776906;0.999310696031577;0.223319629776906;0;0.507961827101168;20;19;14;10;1
0.225756891176923;0.493190637553665;0.593603953529896;0.493190637553665;0;0.711723876982799;31;34;23;21;0
0.530571513590669;0.371418087916178;0.882177167982877;0.371418087916178;0;0;8;10;95;23;0
0.886857299081449;0.923300105111348;0.886857299081449;0.989579406562065;0.865428808548222;0;41;6;59;10;0
0.892168840343211;0.696982300233553;0.716424552591715;0.696982300233553;0.579042055448071;0.339657706366693;46;88;91;48;0
0.219232211457208;0.692748116186237;0.219232211457208;0.273079859685656;0;0.339356538066341;25;3;3;12;0
0.521056798529372;0.606333338472216;0.521056798529372;0.933923691480385;0;0;29;51;16;42;1
0.462156438018268;0.479249247572966;0.462156438018268;0.25769035530169;0.584619684882751;0.316243096402028;41;17;7;27;0
0.0317131290359949;0.70406789365414;0.0317131290359949;0.361686798446666;0;0;24;56;55;8;1
0.0316629940791349;0.175925501704181;0.0316629940791349;0.913681755733528;0;0.496055260065969;4;28;39;39;1
0.232872149084169;0.230591678167969;0.148643360542433;0.230591678167969;0;0.75473685318359;9;21;86;8;0
0.776879855327718;0.574620209436221;0.966235954764409;0.574620209436221;0.481915647854058;0.253946119572011;26;3;60;14;1
0.649134752642892;0.447586253493832;0.649134752642892;0.147599141182191;0.670937929149223;0.671124732434342;16;9;78;7;0
0.0225498941831989;0.47119574456997;0.0225498941831989;0.213043437904233;0;0.344043356992325;36;36;34;15;0
0.719296690877199;0.399045646376463;0.719296690877199;0.947445800969119;0;0;41;76;36;9;1
0.423558608360383;0.581456925525077;0.423558608360383;0.0786156258911899;0.574573302909067;0;26;88;77;19;0
0.825219653465422;0.552070315253022;0.495040210194439;0.552070315253022;0.268872209949825;0.749482162645777;9;30;23;47;1
0.0150736980210402;0.728289562616632;0.610223719668679;0.728289562616632;0.723492128180103;0;15;26;2;39;1
0.300593660353028;0.0476371362095872;0.300593660353028;0.511986330855631;0.425848331035044;0.769470054083257;32;84;45;27;0
0.557032727430124;0.573825992911042;0.983400689430256;0.573825992911042;0.273632482287303;0.745267402262086;3;58;6;47;0
0.927572872455964;0.566383227504037;0.927572872455964;0.468391906222511;0;0;40;57;50;18;1
0.0588164250640275;0.251476654899994;0.447403073984852;0.251476654899994;0;0.323633831610733;20;65;38;24;1
0.772899575425731;0.171256835186508;0.772899575425731;0.628727447068657;0.271086537405423;0.443979851176953;28;18;43;36;0
0.519618803877206;0.120064263753623;0.519618803877206;0.539218786423662;0;0;14;4;88;1;1
0.180583061734486;0.515009567847014;0.180583061734486;0.00500251678982867;0;0;37;17;40;27;1
0.972916696208025;0.793483652078306;0.801510709245461;0.793483652078306;0.333717719341497;0;17;1;32;46;1
0.239414866659518;0.731857851022788;0.239414866659518;0.385724898607342;0;0.366177406798199;30;36;34;30;0
0.900304257823296;0.990673773452022;0.900304257823296;0.896803412538396;0.266084020615594;0;28;42;26;15;1
0.221221662695157;0.147147567545598;0.0704022432073961;0.147147567545598;0;0.473307168331606;9;68;86;35;0
0.528123492155282;0.275594701187496;0.528123492155282;0.6776637065586;0.638296789786917;0.770714430497361;19;56;3;10;0
0.050721602072344;0.89317939425501;0.050721602072344;0.910606020554251;0;0.823136237833247;46;43;89;33;0
0.977146695823011;0.510636188327631;0.180191242685631;0.510636188327631;0.479959015492331;0;6;16;65;36;1
0.959195057842506;0.46255028129674;0.245793457723126;0.46255028129674;0.588420314056995;0.781661372995778;40;3;69;13;1
0.524233799671863;0.0964259654732542;0.177222848952386;0.0964259654732542;0;0;18;74;43;40;0
0.192807260524857;0.298448005364485;0.489429995179842;0.298448005364485;0;0.29075541500503;27;43;86;27;0
0.836140338720819;0.933984336412504;0.836140338720819;0.664812562831125;0.540177077772178;0;7;62;85;48;0
0.927525541245716;0.986402388655768;0.0837652772123764;0.986402388655768;0.553087874107569;0;4;79;91;14;1
0.684614649826947;0.269743020771883;0.947345452358641;0.269743020771883;0;0.458687238608807;25;49;25;20;0
0.559402668177803;0.260285626752435;0.243238512539882;0.260285626752435;0;0.496215783756327;7;58;80;47;0
0.135585451096103;0.370922464118769;0.503027606524074;0.370922464118769;0;0.73766754089746;16;34;7;32;1
0.432872171249647;0.249369686585557;0.432872171249647;0.717467110472483;0;0;34;11;36;35;1
0.432421684000837;0.426999720477965;0.432421684000837;0.894861293907678;0;0.275815274694848;29;65;32;24;0
0.380685879560507;0.13415756967578;0.576422988239873;0.13415756967578;0;0.273812910669396;38;16;91;16;0
0.892453800836789;0.827413455502788;0.892453800836789;0.500040853163246;0.2325765514898;0;49;89;69;29;0
0.487247647944487;0.938500780117931;0.487247647944487;0.590227536200652;0.290013034031733;0.763164153677953;2;74;41;16;0
0.983865578185704;0.868683807025051;0.944386064049036;0.868683807025051;0.228590216594092;0;21;33;19;39;1
0.580994961588175;0.534545919641175;0.996066194957153;0.534545919641175;0.47446253405626;0;11;65;42;40;0
0.78986374232446;0.646909921731292;0.78986374232446;0.828251741280897;0;0;0;12;16;45;1
0.717867428771158;0.843547877317084;0.717867428771158;0.55565478911421;0;0;26;46;35;19;1
0.173598830203339;0.357505818529756;0.173598830203339;0.594161341243499;0;0.288701619621693;0;51;76;44;0
0.122736109943472;0.0788200647005905;0.297476142317744;0.0788200647005905;0;0.379514282746014;22;32;7;31;1
0.0522890449745064;0.816678490870017;0.152518317640069;0.816678490870017;0;0;5;12;96;22;0
0.998580222483063;0.473311091527953;0.280416389592186;0.473311091527953;0.492851786079282;0.594779310559285;36;11;65;7;1
0.343410515851998;0.720811767373612;0.343410515851998;0.258178646796466;0.588410515146521;0.734417247927942;7;2;3;15;0
0.775352191075381;0.305216773555249;0.724803475534918;0.305216773555249;0.613213117054297;0.369893874679643;2;41;63;46;0
0.651043183939086;0.0802398422175273;0.651043183939086;0.222705524518483;0;0;42;59;96;48;1
0.416512954242766;0.473267975018019;0.431706550266457;0.473267975018019;0.660629098145584;0.363295778801337;18;97;93;20;0
0.839104916825474;0.697958900452572;0.975199616036937;0.697958900452572;0;0;17;6;24;26;1
0.41233633384683;0.0697685834345261;0.41233633384683;0.434013596006675;0.365704990628038;0.620848547490709;13;17;44;17;0
0.531790030436493;0.888703819312483;0.251535500516899;0.888703819312483;0.883770622258899;0;34;4;65;49;1
0.491382154399241;0.241134925392054;0.491382154399241;0.247505908481547;0.551602401096189;0;43;23;89;36;0
0.710135484910633;0.0609316411711889;0.710135484910633;0.763317382784242;0.226615502138909;0;37;71;75;48;0
0.6547515977429;0.16616887001608;0.6547515977429;0.310430798824146;0;0;32;37;20;43;1
0.888748191245249;0.578386429035285;0.888748191245249;0.307807445669457;0.118199082146491;0;21;31;20;22;1
0.810952057508264;0.17856833440185;0.19060385934571;0.17856833440185;0;0.48264927439515;34;30;93;11;0
0.683715105375142;0.586383327649153;0.683715105375142;0.161010111757093;0.241171602272043;0;38;59;51;26;0
0.994779510886771;0.17218344992594;0.994779510886771;0.0383271961651403;0;0;33;28;44;38;1
0.199840499646887;0.355216812507816;0.907927462322604;0.355216812507816;0.393273782633838;0;8;68;89;46;0
0.331664781706252;0.894671323660142;0.138606858969949;0.894671323660142;0;0;31;54;61;46;1
0.959337976276566;0.183788823515078;0.959337976276566;0.864446968708395;0;0;40;62;65;39;0
0.33340793770431;0.386542828002266;0.33340793770431;0.253082649434489;0;0.400907662418162;39;42;83;31;0
0.510895597986363;0.840518668219689;0.510895597986363;0.899720337195192;0.571037891121133;0;42;65;89;7;0
0.274077853315546;0.39587883623125;0.724138638807525;0.39587883623125;0.528826813925443;0;30;87;27;13;1
0.538979407185213;0.561263385955833;0.538979407185213;0.742949697534996;0.704106320954909;0.70672988132887;11;75;18;5;0
0.0382725675768557;0.672893225528716;0.177901741200081;0.672893225528716;0.182405706114325;0;44;77;99;44;0
0.922563234773727;0.11246497468672;0.922563234773727;0.528944010626964;0;0;44;82;95;17;0
0.813001810951625;0.301539261034475;0.813001810951625;0.147656306227509;0.828088193586137;0;7;41;14;48;0
0.977783967730489;0.357606268654394;0.0512454132788095;0.357606268654394;0.553260059353551;0.712810582347592;30;98;49;13;1
0.900683977594918;0.638700151182106;0.900683977594918;0.534008065952923;0.175162310327944;0;18;86;35;7;1
0.395724505370355;0.859891414577091;0.395724505370355;0.647949926391221;0;0;33;63;57;37;1
0.618943916456282;0.134681006956231;0.618943916456282;0.477698597348155;0;0.318820789139169;9;22;97;42;1
0.00271909171841996;0.400855283439558;0.688916676998565;0.400855283439558;0.294080127633214;0;22;5;27;30;1
0.0363674583082867;0.96188176328404;0.191353998701719;0.96188176328404;0;0;22;31;86;34;1
0.234742284861739;0.0197562347258237;0.504918049324731;0.0197562347258237;0;0.590358404717575;2;68;13;8;0
0.0323066180722353;0.857172322858671;0.475507196726048;0.857172322858671;0.526692149940269;0;31;18;52;23;1
0.464288599074021;0.0983135486479446;0.889453599643639;0.0983135486479446;0;0.413510656176838;25;77;66;49;1
0.939148969454294;0.166112998577819;0.939148969454294;0.00313920062181503;0.61140742460797;0;43;1;59;24;0
0.952874019254406;0.929575145211804;0.952874019254406;0.571635111966932;0;0;28;68;67;8;1
0.186804494907523;0.555467635651802;0.186804494907523;0.793219103381605;0;0.5410673695342;31;17;35;25;1
0.368183812297966;0.918023353404376;0.309394198148229;0.918023353404376;0.523552949318454;0;14;31;50;43;1
0.484829690998806;0.145439529393539;0.484829690998806;0.952162922803388;0.477655923216443;0.467233772607163;17;20;97;16;0
0.344467559058437;0.979308503670296;0.113692806620939;0.979308503670296;0.818188321226364;0;16;38;41;6;1
0.867265077246011;0.561391332913838;0.416158322438671;0.561391332913838;0.656404076449761;0.627816083202053;15;40;35;33;1
0.622724966436031;0.070637944652996;0.622724966436031;0.833340648949771;0.458956191529965;0;8;82;15;26;0
0.882061845102376;0.573555794345939;0.882061845102376;0.176180000498975;0;0;17;99;11;22;1
0.0199079029354769;0.278174452147528;0.398487121517997;0.278174452147528;0;0.810829696157402;36;89;57;48;1
0.622330142009226;0.356583537234265;0.622330142009226;0.33536972866178;0;0.475395085511447;12;22;59;48;1
0.102488193708699;0.679329487811462;0.102488193708699;0.932155219340769;0;0.700797833828627;43;5;36;27;1
0.185795202937813;0.0507300417175191;0.98299051913572;0.0507300417175191;0;0.847996436920015;17;10;25;48;1
0.0689968853578888;0.951225652336714;0.0689968853578888;0.133125138531032;0;0.456191587474286;43;73;89;43;0
0.0935208625595648;0.175686258438829;0.719157633706535;0.175686258438829;0;0.330605620206616;1;2;52;30;1
0.354336929672555;0.170788334296452;0.992324820250424;0.170788334296452;0;0.552443494346199;20;87;49;35;1
0.300905871810813;0.610332602453573;0.300905871810813;0.958653062097101;0.347098937419755;0;20;17;62;33;1
0.724611810280295;0.957209179157954;0.807304260696892;0.957209179157954;0.229549518893263;0;1;7;23;22;1
0.811715731309595;0.596888722664159;0.802713822947216;0.596888722664159;0.239269311185586;0;16;32;1;18;0
0.131342120529777;0.874780386628015;0.131342120529777;0.802025196515967;0;0;45;60;34;48;1
0.947867859130664;0.446176524016157;0.947867859130664;0.545074948829168;0.834298251119581;0;42;85;41;23;0
0.101791732991949;0.798616871143979;0.101791732991949;0.155939239149885;0;0.869880001931395;25;85;29;32;1
0.980172035275107;0.825867058628177;0.932523874068877;0.825867058628177;0.427524322377296;0;1;16;63;5;0
0.219169800737486;0.649020863533495;0.356537298931059;0.649020863533495;0.694194362356418;0;49;48;15;47;1
0.612091433541892;0.772988653636067;0.310208160108984;0.772988653636067;0.168667488809986;0;2;9;48;34;1
0.911733472213025;0.46600448874105;0.911733472213025;0.612551074760291;0.227427388647305;0;30;81;24;42;1
0.88223813980922;0.579447070406492;0.645467289558364;0.579447070406492;0;0;21;86;81;24;0
0.714008563996297;0.213775625086285;0.15953522043281;0.213775625086285;0;0;12;11;53;30;1
0.275918817276097;0.73728739132047;0.275918817276097;0.896436094723845;0;0.844471802862581;5;87;34;35;1
0.194300132894097;0.890750513826846;0.730761089702491;0.890750513826846;0.36926554859116;0;43;65;62;43;1
0.832623628355853;0.751995924744753;0.995472957378008;0.751995924744753;0;0;26;55;13;15;1
0.346060255703544;0.303528253130395;0.346060255703544;0.908869130028816;0;0;29;75;94;7;1
0.292515907572823;0.019475492192188;0.268784706605964;0.019475492192188;0;0.702196881502027;29;25;88;49;0
0.822120116940755;0.904663762964617;0.822120116940755;0.900963137345837;0.628627433268646;0;6;33;78;28;0
0.395519987398535;0.544690258123302;0.427232836572096;0.544690258123302;0.460396418562344;0.47241627446954;38;6;86;46;0
0.460705530578599;0.459480017171931;0.97599746518582;0.459480017171931;0.36486307362321;0;41;97;88;21;1
0.677436751628964;0.48140813618964;0.677436751628964;0.77033224458356;0.303214709881327;0.465414918710205;33;63;60;18;0
0.177474230610521;0.623955504793653;0.177474230610521;0.138668776088706;0;0.241800462939684;5;47;81;6;0
0.517024637440697;0.443958232386018;0.517024637440697;0.924965672160017;0.444396285547128;0.548844042955359;10;50;80;34;0
0.594426041745779;0.867253506494338;0.594426041745779;0.950373720354575;0.690064173978783;0;15;38;23;16;0
0.665101753391839;0.28200578656141;0.665101753391839;0.460136699238856;0.226194297534504;0;29;86;40;30;0
0.934680431585144;0.964383498748943;0.934680431585144;0.0912753763102346;0.37824903772131;0;6;42;9;28;1
0.488472371123951;0.0295294630478739;0.856840941988323;0.0295294630478739;0;0.5517362889609;47;16;43;45;0
0.579680971139893;0.77885647899418;0.397051081711916;0.77885647899418;0;0;19;91;93;14;0
0.928289107944951;0.932573074909194;0.981441201633514;0.932573074909194;0.598788797668549;0;14;25;80;11;0
0.565053910280137;0.793533415437459;0.322512497344293;0.793533415437459;0;0;1;92;23;8;0
0.515471288243062;0.38470252760905;0.515471288243062;0.694224294598319;0.80532532595346;0;40;2;17;31;0
0.409802663330828;0.101240355102923;0.409802663330828;0.211402874072736;0;0;7;87;17;4;1
0.206233539714587;0.213802568714042;0.603517666274457;0.213802568714042;0;0.2892995235926;36;87;1;2;0
0.16583063088629;0.417101786666131;0.16583063088629;0.610114393574239;0;0;12;44;78;2;1
0.755128673163768;0.383730752106631;0.755128673163768;0.679027890171403;0.821947347755519;0;4;77;36;0;0
0.324286440072715;0.178468987894463;0.324286440072715;0.0907066283238617;0.554914111529903;0.655795217797065;25;28;30;30;1
0.511062877025019;0.935409724216633;0.511062877025019;0.614664200048272;0;0;8;62;72;15;1
0.459637043280358;0.458673895550274;0.219786914167827;0.458673895550274;0.701935938886337;0.467352175837081;41;79;23;34;0
0.497542402938727;0.0928153465934169;0.497542402938727;0.0432155383952034;0;0.430713089383539;29;92;49;37;0
0.995838710570633;0.872667875081612;0.285862418024737;0.872667875081612;0.207283147707248;0;1;61;73;13;1
0.181630531410515;0.718831944614105;0.108224959628761;0.718831944614105;0.525775039347715;0;2;44;51;18;0
0.616602199904901;0.437867321277907;0.414350733819581;0.437867321277907;0;0.234525113475753;36;3;80;40;0
0.328572474107413;0.462835184979641;0.347119039086215;0.462835184979641;0.530074129127932;0.260069028129833;4;75;62;47;0
0.139443458122873;0.911184815182902;0.139443458122873;0.934990578766442;0;0;32;87;4;11;0
0.92528225897126;0.256065675176711;0.92528225897126;0.757511075938824;0;0;40;87;70;23;1
0.78500242148759;0.390259470506692;0.78500242148759;0.52380067506982;0.782498385190264;0;39;35;75;37;0
0.997616965322577;0.298423863155033;0.503165918636679;0.298423863155033;0;0.291586952885421;41;38;92;38;1
0.577315657202767;0.537552926008381;0.0910533639095041;0.537552926008381;0.772563053189108;0.249180394340856;23;95;74;12;1
0.596620196754402;0.126182393695313;0.309178271009204;0.126182393695313;0;0.12243966484556;10;8;69;23;1
0.80754174096861;0.258448709854134;0.80754174096861;0.254345157302145;0.513931861386603;0;25;4;31;27;1
0.622809364750427;0.812943813303925;0.622809364750427;0.432747311160316;0;0.651222096593688;27;89;80;0;0
0.853545903625687;0.701803666400632;0.853545903625687;0.18777850139317;0;0;35;17;83;3;1
0.581232991805874;0.730011185039771;0.581232991805874;0.345710323818824;0.518217895886962;0.735248532954254;0;43;69;46;0
0.823711608920112;0.503373028944886;0.823711608920112;0.181763955476584;0;0;28;54;79;33;1
0.936877601284942;0.404902806228447;0.936877601284942;0.877361632360779;0.326153359993432;0;31;34;14;35;1
0.936664179403644;0.231710821498051;0.936664179403644;0.600142657104946;0.541506503960819;0;40;89;36;15;0
0.260817569336303;0.87809205748052;0.260817569336303;0.691544043687891;0;0;23;60;29;14;1
0.592990282267793;0.793133583754829;0.427701847826923;0.793133583754829;0.640856263526183;0;21;79;35;39;1
0.129615858723231;0.566708849541242;0.129615858723231;0.803938291875617;0;0.693716333105097;21;73;90;14;1
0.995781421659413;0.144085236892144;0.995781421659413;0.0037511363642994;0.634609316305541;0;37;87;54;20;0
0.918207529428512;0.638720539230258;0.584692079846138;0.638720539230258;0;0.492147937180543;19;46;57;47;1
0.381666796459661;0.748476198757289;0.306901646455238;0.748476198757289;0;0.499811775749462;38;16;55;18;0
0.913699618966179;0.797352162095416;0.913699618966179;0.528267246917015;0.637105127161883;0;27;4;48;11;0
0.716910029629669;0.64850132011273;0.625803096976971;0.64850132011273;0.213806707977227;0.650152585771937;47;33;43;36;0
0.836814185528464;0.762418440432483;0.836814185528464;0.696849489909061;0.207588908824878;0;12;9;37;43;1
0.197517159486896;0.725020920264079;0.787339917750722;0.725020920264079;0.515296500416145;0;31;91;52;23;1
0.92213154813374;0.0315661691276199;0.92213154813374;0.801217310503692;0.679968357402817;0;6;22;21;47;1
0.186505924065833;0.960537976566953;0.186505924065833;0.307067935963659;0;0.566896947830402;29;79;39;43;0
0.681465410013434;0.450984160625834;0.681465410013434;0.431906294278757;0.324982509633984;0;4;71;52;10;0
0.915666639299908;0.840286892298743;0.189633141825736;0.840286892298743;0.406371598321186;0;48;96;14;32;1
0.203966597190111;0.538514996198246;0.826801941183769;0.538514996198246;0.208228564452486;0;2;33;73;3;1
0.325298299233102;0.350100759114186;0.207416165716674;0.350100759114186;0;0;49;14;50;21;0
0.925396334345171;0.0448713372670446;0.925396334345171;0.117434794137922;0;0;14;82;42;35;1
0.587341502116686;0.247017563435723;0.587341502116686;0.605104353094988;0;0;8;65;18;23;1
0.857223854333732;0.51498859306564;0.83953238271155;0.51498859306564;0.505936464530386;0;0;97;0;7;0
0.413143148372482;0.613118661853074;0.413143148372482;0.686714749637393;0;0;44;4;90;32;1
0.373642591933553;0.762759256997499;0.960398602280951;0.762759256997499;0.642957710029072;0;3;96;84;11;1
0.737725917127787;0.187647482933312;0.165922685137914;0.187647482933312;0;0.654588884978829;12;81;45;35;1
0.91380589311654;0.833874415063241;0.91380589311654;0.823173749178263;0.270641732155644;0;7;76;13;28;0
0.513777726103448;0.141346001132087;0.513777726103448;0.870634395568927;0;0.401923162118496;0;90;3;15;0
0.0935776681143687;0.875392744725287;0.594283120983412;0.875392744725287;0.812891358888192;0;12;80;8;9;1
0.565855447932079;0.848953363880959;0.565855447932079;0.789019434614582;0.819783960850809;0.73302434418957;11;80;7;4;0
0.196895971985951;0.673869756829864;0.196895971985951;0.201129285712321;0;0.686820373724597;42;81;54;33;1
0.475265418866307;0.740296746948872;0.475265418866307;0.228890628194851;0.749849667656165;0;10;52;33;23;0
0.878282283376102;0.575490553200008;0.227819761833092;0.575490553200008;0.178749076639651;0.582139201267687;13;67;22;11;1
0.339479399537425;0.678496772739336;0.920413364153548;0.678496772739336;0.611762073175871;0;27;96;26;32;1
0.0605667284971879;0.373687945014652;0.0605667284971879;0.915263660678297;0;0;10;59;55;38;1
0.849888417799905;0.795587473453762;0.449086130805819;0.795587473453762;0.456028871916248;0.508071297084946;12;54;86;22;0
0.134140262908368;0.400817347411447;0.195259001196948;0.400817347411447;0.253634287162514;0.411180318524679;23;96;36;10;0
0.912396170158124;0.51492382470282;0.912396170158124;0.357882768082378;0.263485415961354;0;14;47;63;33;0
0.0644933707381102;0.828608354939431;0.0644933707381102;0.0471292496878324;0;0.286039271059464;2;70;72;39;0
0.780593844028466;0.239547682106284;0.780593844028466;0.720004659481349;0.282416068614654;0;39;11;58;19;1
0.151427700720461;0.883191303295638;0.934162306103;0.883191303295638;0;0;13;26;39;40;1
0.558618927634609;0.336323976673337;0.558618927634609;0.183651373341517;0.206505037474681;0.772727769228037;9;92;65;24;0
0.387505826720738;0.734329980674353;0.387505826720738;0.372472675224986;0.543480756480005;0.708829799997075;27;67;51;4;0
0.99912386806641;0.67718065421897;0.241634587404148;0.67718065421897;0.519274842235853;0;40;44;46;19;1
0.171779348594965;0.680928754471675;0.171779348594965;0.353354013223832;0;0.523035351896209;1;92;66;37;0
0.233976452720341;0.4956854765749;0.233976452720341;0.504593572348633;0;0.701105124643587;27;70;72;14;0
0.382336367565364;0.337200108606927;0.382336367565364;0.942016785937369;0;0.253452926992184;0;12;21;1;1
0.66795589386856;0.562550632079388;0.66795589386856;0.723386559040931;0.190126743256173;0.610065104723938;1;65;58;21;1
0.421182253594129;0.44320420149863;0.745949110829248;0.44320420149863;0;0.46221973861671;5;88;75;33;0
0.648648908198182;0.298592386906311;0.311886007577128;0.298592386906311;0;0.429497258006361;38;92;54;26;0
0.700673541846067;0.82772958270634;0.700673541846067;0.570938192108152;0;0.510978381387414;47;67;7;35;1
0.946191323896028;0.916017855012798;0.246265790539917;0.916017855012798;0.180403475733662;0;26;2;33;13;1
0.236347760183899;0.913901723881206;0.236347760183899;0.411500551463804;0.526242722070889;0.453317195388171;30;88;65;44;0
0.869409459116594;0.742530659652562;0.869409459116594;0.275852924806929;0.443743077779069;0;29;93;8;29;0
0.54814056611999;0.352401063010283;0.54814056611999;0.417618230645367;0;0.249093782272699;26;39;52;9;0
0.829452440994537;0.591381822522442;0.723379969468051;0.591381822522442;0.590786318104149;0;24;6;18;2;1
0.031409527655416;0.046608395896204;0.503735130887355;0.046608395896204;0;0.795028579325894;3;43;40;9;0
0.504877380330524;0.365761157761217;0.282661930323887;0.365761157761217;0;0.492636961160524;17;35;26;17;0
0.586638869525231;0.913078218658026;0.586638869525231;0.552472955338877;0.507867879005087;0;30;43;2;20;0
0.327919889394157;0.320991535354867;0.327919889394157;0.913883099758012;0.682832087242432;0.344543231345966;36;31;9;39;0
0.549887365917623;0.0865044421919176;0.357618811706835;0.0865044421919176;0;0.876111167891003;0;71;83;38;0
0.301436702861188;0.459969526370973;0.301436702861188;0.951010441384749;0.352077595587856;0.287160700320807;10;82;96;8;0
0.814566260583031;0.0378412683670601;0.814566260583031;0.666372642231347;0.19474139166751;0;0;61;95;13;0
0.485994558076372;0.363190852740403;0.485994558076372;0.194854143632042;0;0.293992631739933;36;43;31;28;0
0.465800239921454;0.0195548324936791;0.465800239921454;0.323226187528682;0.731821645857683;0;22;10;26;40;0
0.673492340218971;0.271938181608887;0.673492340218971;0.691542873481076;0;0.681369776223493;9;70;22;40;1
0.353896674399216;0.973974968294601;0.353896674399216;0.710677177976201;0;0.432506089765814;45;9;52;42;0
0.896712182972912;0.572041028445606;0.94211556247534;0.572041028445606;0;0;0;16;85;0;0
0.546586779666406;0.689698512521432;0.968395081799661;0.689698512521432;0.163111737073917;0.385211354766605;2;24;61;17;1
0.870141426972179;0.665658158094463;0.915315262002552;0.665658158094463;0;0;0;18;16;14;1
0.362791917455751;0.375225998635975;0.747736514894169;0.375225998635975;0;0.809854572084665;5;68;5;48;0
0.225866671291118;0.427388188628195;0.225866671291118;0.74228209617654;0;0.269394352691897;26;4;28;12;0
0.794272798483387;0.701899601473426;0.794272798483387;0.861767149931643;0.775755076099073;0;9;15;66;41;0
0.458301246379642;0.326906595065681;0.458301246379642;0.127340085398098;0.413684426068181;0.253512489727471;11;13;92;14;0
0.274984019005198;0.439791486803345;0.487927073374357;0.439791486803345;0.278862371704943;0.55309533213875;37;65;11;0;0
0.39542048256631;0.580953200152588;0.39542048256631;0.472969906624858;0.269931715107491;0;2;49;90;14;0
0.391789591122321;0.969086942248553;0.391789591122321;0.149113013012853;0;0;13;81;14;15;1
0.652395771188846;0.426915582468228;0.652395771188846;0.373840076557286;0.217762495026813;0;31;40;1;35;1
0.611131634382127;0.93148611249937;0.611131634382127;0.0815031719773557;0;0;10;7;42;19;1
0.511294823377996;0.0480018956810245;0.511294823377996;0.347131629170446;0;0.398288565873303;44;37;30;43;0
0.715382253618623;0.928557428963742;0.715382253618623;0.636303989047326;0;0;13;86;50;14;1
0.571191138388212;0.357955307866426;0.279374839402444;0.357955307866426;0;0;14;60;7;44;0
0.802941554134219;0.915620759090232;0.788664021896508;0.915620759090232;0.870630865856368;0;11;51;63;20;0
0.0769777265735798;0.216103858880747;0.0769777265735798;0.462581841024841;0;0;19;79;56;43;1
0.45958214228022;0.476810757292812;0.45958214228022;0.0677567897680014;0;0.324984971585211;48;8;69;39;0
0.416817373324566;0.125615874829523;0.416817373324566;0.847639967150819;0;0;31;63;99;32;1
0.614380190900704;0.280977581292846;0.614380190900704;0.0532386759543972;0.610721753263251;0.610584876784396;10;22;28;16;0
0.234217519980957;0.456038616810012;0.311853264603696;0.456038616810012;0;0.655374801091559;45;53;54;35;0
0.426685739041625;0.799286485556181;0.958042579217834;0.799286485556181;0.456770563245178;0;22;16;92;44;1
0.812365600751883;0.862430566392108;0.812365600751883;0.00448580924630436;0;0;18;88;47;25;1
0.997162353246083;0.891398354848567;0.247261955052271;0.891398354848567;0.346976570946619;0;48;73;45;5;1
0.444987926373718;0.854291842251221;0.444987926373718;0.0951960967365634;0;0;7;78;11;20;1
0.314224581380479;0.643673016058129;0.314224581380479;0.814207880205572;0;0.71576124835562;9;17;66;11;1
0.10018397965477;0.802124132310098;0.10018397965477;0.512019314110288;0;0.699420872004433;14;18;19;21;1
0.870745470687163;0.41744264001839;0.870745470687163;0.740501314280788;0.844417455999375;0;10;72;69;19;0
0.466020444625067;0.577173773468087;0.466020444625067;0.0863640043355357;0.532768690741048;0.344443792171983;13;53;28;21;0
0.780483337482663;0.75410786259645;0.780483337482663;0.0285518723672963;0.339421169990404;0;22;48;93;10;1
0.497484585967606;0.772927545370966;0.0319800581931975;0.772927545370966;0;0;16;95;94;26;1
0.174907072528688;0.336103687685031;0.48947045090118;0.336103687685031;0;0.166652181263385;47;92;65;7;0
0.157308995796977;0.636959302535727;0.271507537118861;0.636959302535727;0.815865583632079;0.523401564230864;48;26;21;22;0
0.369027416393639;0.0796891875004811;0.369027416393639;0.0543839461423382;0;0.286556839610709;19;20;32;24;0
0.500915776705796;0.579200790067762;0.125756674970387;0.579200790067762;0.430990794874258;0.398210596478642;14;52;0;27;1
0.119356847423761;0.615618549573989;0.119356847423761;0.517084943371399;0;0;40;97;68;15;1
0.459205154077711;0.967076271291392;0.459205154077711;0.0777689814929706;0.780235910220182;0.422475971012598;33;53;44;41;0
0.974742851673971;0.136043525829932;0.974742851673971;0.152884276654983;0.276784162165962;0;29;96;68;22;0
0.422302209968819;0.960332340076721;0.215042844049187;0.960332340076721;0.227091266879389;0;16;40;34;40;1
0.673032302257154;0.119995635990051;0.673032302257154;0.129300158065418;0.353221813381287;0.617974686258461;43;85;46;5;0
0.236752119491227;0.640875697900018;0.258977229827539;0.640875697900018;0.626361724280921;0;35;39;71;31;0
0.300016287388288;0.544774061322573;0.449448923323978;0.544774061322573;0;0;8;20;4;23;1
0.10727766487155;0.463011223572777;0.572311111061047;0.463011223572777;0;0.739188955975319;48;9;82;48;0
0.300711907586414;0.723580220585493;0.574167146149169;0.723580220585493;0.402313070559089;0;27;68;94;5;1
0.290156272375098;0.819979348601764;0.613906342356422;0.819979348601764;0.490495675937503;0;33;69;26;3;1
0.168267441991841;0.533598033028468;0.168267441991841;0.252467085259253;0;0.63121004245766;48;43;61;39;0
0.2533616108137;0.244062153736158;0.725868702738485;0.244062153736158;0;0.793071633574121;13;64;35;26;1
0.866576324154891;0.17285495119768;0.866576324154891;0.380297530619566;0.467632769359105;0;23;42;12;35;1
0.65896715347607;0.555312778593652;0.65896715347607;0.604419954402568;0;0;46;71;50;24;1
0.8834097319671;0.566617737788063;0.369844188620264;0.566617737788063;0.201936684642889;0;44;42;61;35;1
0.200973168109065;0.667021708873576;0.623111055057082;0.667021708873576;0.251860320685366;0;36;97;19;33;0
0.278242050799654;0.585095000260088;0.278242050799654;0.247989878173913;0;0.643225648274285;1;72;63;1;1
0.424179131362671;0.28944521923058;0.18571402467122;0.28944521923058;0.51365023735615;0;34;54;70;4;0
0.550928171514966;0.354339610484587;0.373547404247125;0.354339610484587;0.649710662499867;0;37;98;53;14;0
0.188414007978707;0.288375686988409;0.188414007978707;0.783426607858123;0;0.660548402769746;11;38;88;4;0
0.719675962682663;0.242842577510906;0.333665835826502;0.242842577510906;0;0.649927035742405;33;28;65;48;0
0.0229458040664651;0.0341668287451225;0.0229458040664651;0.874442473926788;0;0;1;96;64;24;1
0.651259790943591;0.101031211251873;0.897338337682811;0.101031211251873;0;0;1;30;31;10;0
0.466885469139966;0.634663647801924;0.13070482673622;0.634663647801924;0.335289364371118;0;5;30;25;32;1
0.590684351320697;0.265429882921944;0.590684351320697;0.967210294197877;0;0.525790497439816;12;35;92;21;0
0.531566504636578;0.591582786567315;0.531566504636578;0.417082960445938;0;0;29;25;35;32;1
0.850544775766574;0.567281359605156;0.181552665858321;0.567281359605156;0.487114841810947;0.6582256214033;13;85;33;11;1
0.839330513886796;0.510346859931176;0.839330513886796;0.475121794024073;0.76301333530015;0;25;5;96;14;0
0.867942507782924;0.103097143165347;0.867942507782924;0.415008438944355;0;0;9;72;0;14;1
0.202234621253905;0.41488510715537;0.183301000009897;0.41488510715537;0.335766685351621;0;29;7;6;4;1
0.983938822980942;0.752252272680519;0.722287764643453;0.752252272680519;0.540581031022864;0;28;75;29;33;1
0.11308429767987;0.699338851822232;0.0784555226929744;0.699338851822232;0;0;26;66;61;11;0
0.669738384741237;0.308112238677271;0.217023347605496;0.308112238677271;0;0.677538771032141;23;46;88;11;0
0.497013580751146;0.119158320184405;0.497013580751146;0.692720674300902;0;0.199240107647721;1;15;25;49;0
0.101759242872595;0.301800809475501;0.483962148187664;0.301800809475501;0;0;42;53;39;24;1
0.725135281088359;0.0825138879392826;0.414175525966182;0.0825138879392826;0;0.179334363983634;44;28;82;39;0
0.47252944180394;0.202325271071086;0.47252944180394;0.417745839533278;0.37938572856569;0.606987319238012;16;63;46;48;0
0.180092671038626;0.206352995804675;0.915222538129996;0.206352995804675;0;0.546387692702183;24;62;34;41;0
0.3503700938776;0.394023039096046;0.704355879549103;0.394023039096046;0.564880740160533;0;42;25;96;8;0
0.224742200330245;0.82927136767156;0.224742200330245;0.747904903138012;0;0.587183524196587;12;20;76;0;1
0.459006546744614;0.902421216900657;0.207822530161507;0.902421216900657;0.440901591182175;0;17;78;20;22;1
0.314521122870278;0.851955177193487;0.565274163412524;0.851955177193487;0;0;19;77;20;0;1
0.486216096433912;0.98161079547443;0.0859511704584356;0.98161079547443;0.522248698176001;0;45;38;14;3;1
0.174977343610943;0.935016492351432;0.801934662648446;0.935016492351432;0;0;47;90;17;47;1
0.357597183602675;0.416205120466745;0.226211734687077;0.416205120466745;0;0.386932064493621;25;87;82;15;0
0.175437657244242;0.676977833582544;0.175437657244242;0.911455297335729;0;0.130154458866527;43;83;30;41;0
0.243917252516335;0.808341359164725;0.571200925657154;0.808341359164725;0.339617958450512;0;21;18;33;3;1
0.00450695073441926;0.577419308748757;0.385729542181701;0.577419308748757;0.344974670719809;0.594898456984618;27;39;29;6;1
0.182531322437586;0.33931258755704;0.182531322437586;0.552373068664397;0;0.45622498190786;3;93;15;25;0
0.213850460114819;0.17228786795041;0.417870375522352;0.17228786795041;0;0;34;45;64;48;0
0.846995092857161;0.672470882848124;0.846995092857161;0.525725755154028;0.185607078571621;0;14;27;91;26;0
0.310003118268216;0.625810036727139;0.231888338100113;0.625810036727139;0.787244889786115;0;48;11;39;46;0
0.66191854684703;0.363568848633938;0.66191854684703;0.426640507963784;0.349198146885819;0;25;70;84;24;0
0.266659493682282;0.492317494699879;0.266659493682282;0.499534706352062;0.562834226322749;0.270617903336239;14;64;87;29;0
0.201300477702776;0.862284749682194;0.201300477702776;0.763888185733877;0;0.260069216256993;46;48;52;29;0
0.0272352318406269;0.0105523360010946;0.0272352318406269;0.312284080922736;0;0.435981641260899;25;76;20;34;0
0.353771450162759;0.359150543044857;0.353771450162759;0.263603218953872;0.287710183434053;0.181572967293473;34;83;74;2;0
0.849224985041295;0.162268370931162;0.351156924549098;0.162268370931162;0;0.302455152060117;12;76;35;47;1
0.273744445421614;0.465082262859252;0.0696806474913287;0.465082262859252;0.250550145400013;0.511651332728402;42;14;11;19;1
0.67587087800534;0.508513299519435;0.432909795750356;0.508513299519435;0.210700332285231;0;37;79;69;41;1
0.804496107066281;0.1613273509598;0.804496107066281;0.961127156373638;0.124386401439266;0;10;51;43;16;1
0.978081451718733;0.085406097623243;0.978081451718733;0.193922571462543;0.477444990760388;0;9;98;60;46;0
0.72360049454663;0.486397492925822;0.72360049454663;0.201670373418215;0.560992618818298;0;13;1;56;12;1
0.327785195004095;0.660586155792971;0.327785195004095;0.28326404992643;0;0.387264931289137;49;93;59;47;0
0.974349633778608;0.43772685641317;0.0406036498214135;0.43772685641317;0;0.289679061290659;5;23;42;38;1
0.43532290003976;0.757620902619148;0.61390242474801;0.757620902619148;0.194180940833958;0;39;98;66;16;0
0.929713817280584;0.378569483933304;0.929713817280584;0.854166675291102;0.811163857025636;0;39;18;95;27;0
0.317953049353302;0.686236522014363;0.470626440118359;0.686236522014363;0.170939457682399;0.464548903268086;35;82;36;26;0
0.798913879226387;0.0951089477609419;0.589882795507965;0.0951089477609419;0;0.300733101228593;9;80;72;27;0
0.100946454843947;0.508013039132586;0.100946454843947;0.806271754115015;0;0.478515204265022;1;45;23;40;1
0.120143975652821;0.439667853265846;0.120143975652821;0.814942834812656;0;0.470660375184687;16;28;84;48;1
0.902679247736316;0.579655604706917;0.217102829468019;0.579655604706917;0.675237519980984;0.343768573060524;24;0;15;41;1
0.647924588829244;0.585290067170416;0.647924588829244;0.580626234216907;0.364667703567384;0.395999550538137;11;78;90;14;0
0.0354607533828638;0.97496497210812;0.150214942242119;0.97496497210812;0;0;35;47;44;35;1
0.759933753292977;0.60533379139627;0.759933753292977;0.589168924646996;0.804265472946812;0;34;97;23;32;0
0.364634244406891;0.791743264436602;0.364634244406891;0.852329433826883;0.370894306512035;0;46;5;5;3;1
0.682659005598472;0.544194851324053;0.242137857359898;0.544194851324053;0.46697708566998;0.427502921981506;6;28;67;18;1
0.957573683912667;0.825356313877439;0.357279609589502;0.825356313877439;0.775498778920387;0;21;9;93;2;1
0.0921774278824112;0.610330727701229;0.0921774278824112;0.865884598747773;0;0;30;53;38;32;1
0.712395886756664;0.922674785797798;0.712395886756664;0.347031067287098;0.690196535405794;0;13;83;95;48;0
0.325262459146447;0.834169580523935;0.325262459146447;0.495049824237381;0;0.330493892696916;17;62;96;6;0
0.116730539648202;0.452017423441642;0.116730539648202;0.755597259735501;0;0.36356670472937;7;67;14;49;0
0.339577553951916;0.112960427120775;0.434604823791704;0.112960427120775;0;0;4;82;10;5;0
0.525614567811421;0.285068268554783;0.525614567811421;0.348865077061981;0.568886393014754;0;13;18;76;34;0
0.720394854769295;0.805944246149596;0.0861662864154979;0.805944246149596;0;0;45;68;27;41;1
0.944791420337181;0.494592026572019;0.944791420337181;0.0604450004456774;0;0;22;54;14;1;1
0.525302734936263;0.92640285563022;0.525302734936263;0.231295162453919;0.252227409860225;0;2;40;95;11;0
0.856755927138383;0.392565572351481;0.856755927138383;0.873897676763077;0.71324377400486;0;17;92;41;41;0
0.946145248108611;0.340276848217601;0.946145248108611;0.944805982496965;0.508441392569077;0;18;74;21;27;1
0.833171141256192;0.280641511213333;0.159763430785278;0.280641511213333;0;0.482980701831626;5;63;86;43;1
0.257961409752239;0.637836099433636;0.0114935222135361;0.637836099433636;0;0;23;18;21;30;1
0.764531670494253;0.980257607521609;0.00646201288628486;0.980257607521609;0.30742142736326;0;42;2;20;0;1
0.408622760981611;0.559394431095288;0.348019066428775;0.559394431095288;0.344758697480317;0.263634153298863;43;81;78;48;0
0.593223179035458;0.0823154384653622;0.593223179035458;0.933312460283429;0;0;9;26;3;16;1
0.779337228638743;0.516109840719081;0.779337228638743;0.362023063638258;0.501719021472018;0;41;77;84;33;0
0.124676546139958;0.229213338452025;0.452099091118248;0.229213338452025;0;0.844023709578451;10;31;40;41;1
0.88047045463718;0.387034428486151;0.924146574420923;0.387034428486151;0.374108967079832;0.209581949380032;35;84;94;48;0
0.57625621677202;0.780057202456546;0.57625621677202;0.534628422714131;0;0.761915131826846;34;99;1;6;1
0.246941530260696;0.957638892325405;0.162660632823902;0.957638892325405;0;0;17;5;71;46;1
0.689565004636331;0.6356393860819;0.792471394777517;0.6356393860819;0.692007901003588;0;30;7;0;36;1
0.326757845620978;0.652957121680005;0.672041888661702;0.652957121680005;0.789922324842737;0;22;62;41;40;1
0.664756602451558;0.140092898225455;0.664756602451558;0.647050487644528;0;0;43;49;88;12;1
0.572840254554916;0.0904921978202146;0.572840254554916;0.742157027936614;0.544859144624723;0;44;37;93;5;0
0.874799866636656;0.630881046704427;0.509703511143896;0.630881046704427;0.741035482725611;0;24;60;9;25;1
0.721299350131908;0.970882783630343;0.652378496552062;0.970882783630343;0;0;19;20;50;42;1
0.459376593799971;0.0801168671250888;0.581549690841487;0.0801168671250888;0;0.31642893111167;19;72;3;44;0
0.177237679798732;0.265293031588799;0.177237679798732;0.137346976500632;0;0.475654853263709;41;1;28;8;1
0.387295178318068;0.369192847688307;0.225387055997451;0.369192847688307;0;0;49;98;73;30;0
0.761451785807242;0.171504452904456;0.761451785807242;0.227621789661991;0.685449191688303;0;8;22;36;24;0
0.872254134096324;0.79364510383161;0.387085464963264;0.79364510383161;0;0;46;36;48;27;1
0.108726637022908;0.692821688807021;0.108726637022908;0.830199235039856;0;0.242938593608764;17;74;5;7;0
0.532231100617084;0.503841245781556;0.164122182486636;0.503841245781556;0;0.790205661575406;42;85;6;40;0
0.0823121378581562;0.496938713591983;0.0823121378581562;0.702693066421288;0;0.11733938060577;7;6;36;6;0
0.814011830284266;0.0627778158815474;0.736764955211787;0.0627778158815474;0;0;46;86;61;21;0
0.637931918091109;0.261414003214526;0.883244219181707;0.261414003214526;0;0;6;52;63;24;0
0.239278623014353;0.610509550948865;0.715418129561198;0.610509550948865;0.255293699100285;0.305190427836585;11;58;99;38;0
0.446699056051066;0.689829415497291;0.101344366605088;0.689829415497291;0.84083738124037;0;40;93;19;9;1
0.922240839769245;0.859006795500874;0.170327948951315;0.859006795500874;0;0;9;93;83;24;1
0.668812706912315;0.823499192867195;0.668812706912315;0.299846816947612;0.456792673774433;0;30;62;3;21;0
0.530431736507654;0.81471494716346;0.193414803684417;0.81471494716346;0.228854727106567;0;9;72;70;14;0
0.797724577504082;0.68826871117962;0.797724577504082;0.2281293339227;0.435844851860704;0;16;39;5;47;0
0.913685807918052;0.956384272759959;0.172398095099441;0.956384272759959;0.384114754099452;0;35;69;39;36;1
0.893260771358973;0.2331972812457;0.893260771358973;0.915599207820184;0.356147007716888;0;1;66;31;2;1
0.0816348400347097;0.387810274207876;0.0816348400347097;0.340359890526328;0;0.489345237374932;23;1;35;22;1
0.00300734397163957;0.421038721418492;0.0188732771290807;0.421038721418492;0;0;7;0;60;9;0
0.761821052879943;0.26112924947456;0.0880319644175619;0.26112924947456;0.602160048485808;0.735149776905379;26;18;77;23;1
0.931674134420079;0.156707895061331;0.633051026907308;0.156707895061331;0;0.265409167513907;2;43;36;40;1
